City_ID,City,Country,Lat,Lng,Max Temp,Humidity,Cloudiness,Wind Speed,Current Description
0,Albany,US,42.6001,-73.9662,60.8,90,89,1.99,overcast clouds
1,Poum,NC,-20.2333,164.0167,74.82,66,2,14.38,clear sky
2,Lagoa,PT,39.05,-27.9833,69.28,90,100,19.15,overcast clouds
3,Puerto Ayora,EC,-0.7393,-90.3518,68.56,94,40,5.99,scattered clouds
4,Kapaa,US,22.0752,-159.319,84.18,75,75,3,broken clouds
5,Manggar,ID,-2.8833,108.2667,86.11,66,76,11.16,broken clouds
6,Husavik,IS,66.0449,-17.3389,33.71,93,100,3.65,overcast clouds
7,Provideniya,RU,64.3833,-173.3,33.91,75,90,13.42,overcast clouds
8,Gat,IL,31.61,34.7642,69.4,74,0,4.21,clear sky
9,Eydhafushi,MV,5.1033,73.0708,83.34,78,92,16.53,overcast clouds
10,Chuy,UY,-33.6971,-53.4616,59.58,83,98,13.35,overcast clouds
11,Tazovskiy,RU,67.4667,78.7,29.14,79,76,14.36,broken clouds
12,Saint-Philippe,RE,-21.3585,55.7679,77.22,87,8,8.01,clear sky
13,Busselton,AU,-33.65,115.3333,55.09,81,98,26.13,overcast clouds
14,Castro,BR,-24.7911,-50.0119,56.12,96,100,11.25,overcast clouds
15,Ribeira Grande,PT,38.5167,-28.7,70.11,94,100,22.97,overcast clouds
16,Jumilla,ES,38.4792,-1.325,59.05,80,63,2.77,broken clouds
17,Polunochnoye,RU,60.8697,60.4153,29.41,72,100,6.17,overcast clouds
18,Sao Miguel Do Araguaia,BR,-13.275,-50.1628,82.8,45,100,3.06,overcast clouds
19,Airai,TL,-8.9266,125.4092,81.05,39,54,2.91,broken clouds
20,Waipawa,NZ,-41.4122,175.5153,55.45,69,100,21.9,overcast clouds
21,Kantang,TH,7.4054,99.5156,91.49,55,20,10.36,few clouds
22,Khatanga,RU,71.9667,102.5,15.12,95,100,6.4,light snow
23,Pisco,PE,-13.7,-76.2167,62.65,88,90,5.75,mist
24,Costa Rica,BR,-23.4167,-54.65,65.25,90,97,9.37,overcast clouds
25,Port Elizabeth,ZA,-33.918,25.5701,55.69,82,0,12.66,clear sky
26,Zhigansk,RU,66.7697,123.3711,31.32,96,76,13.89,light snow
27,Rikitea,PF,-23.1203,-134.9692,74.82,77,100,14.63,overcast clouds
28,Ilulissat,GL,69.2167,-51.1,33.82,75,75,3.44,broken clouds
29,Hami,CN,42.8,93.45,52.99,21,7,7.31,clear sky
30,Luau,AO,-10.7073,22.2247,72.3,39,98,3.85,overcast clouds
31,Coihaique,CL,-45.5752,-72.0662,48.15,81,75,8.05,light rain
32,Padang,ID,-0.9492,100.3543,84.25,76,99,6.55,overcast clouds
33,Ushuaia,AR,-54.8,-68.3,38.86,81,40,5.75,light rain
34,Saint-Francois,FR,46.4154,3.9054,36.48,100,90,0,fog
35,Hirara,JP,24.8,125.2833,86.27,84,75,26.46,light rain
36,Mataura,NZ,-46.1927,168.8643,47.48,98,100,3.91,light rain
37,Bredasdorp,ZA,-34.5322,20.0403,47.52,87,100,4.61,overcast clouds
38,Esperance,AU,-33.8667,121.9,75.04,30,88,24.16,overcast clouds
39,Hobart,AU,-42.8794,147.3294,58.01,59,40,1.99,scattered clouds
40,Brufut,GM,13.3814,-16.7518,77.09,94,20,0,few clouds
41,Hermanus,ZA,-34.4187,19.2345,61.9,51,100,5.46,overcast clouds
42,Vaini,TO,-21.2,-175.2,73.56,88,75,12.66,broken clouds
43,Olinda,BR,-8.0089,-34.8553,80.33,74,40,6.91,scattered clouds
44,Clyde River,CA,70.4692,-68.5914,34.68,78,90,7.49,overcast clouds
45,Bengkulu,ID,-3.8004,102.2655,74.37,92,99,14.27,moderate rain
46,Invermere,CA,50.5167,-116.0354,30.63,92,100,3,overcast clouds
47,Qaanaaq,GL,77.484,-69.3632,29.03,92,100,9.64,overcast clouds
48,Cidreira,BR,-30.1811,-50.2056,64.53,82,87,21.23,overcast clouds
49,Lompoc,US,34.6391,-120.4579,61.11,86,90,9.22,mist
50,Mar Del Plata,AR,-38.0023,-57.5575,58.08,60,0,5.99,clear sky
51,Ponta Do Sol,PT,32.6667,-17.1,71.01,74,32,4.18,scattered clouds
52,Bambous Virieux,MU,-20.3428,57.7575,73.65,94,75,12.66,moderate rain
53,Meulaboh,ID,4.1363,96.1285,84.22,66,100,2.01,overcast clouds
54,Barrow,US,71.2906,-156.7887,26.62,80,90,8.05,mist
55,Kamloops,CA,50.6665,-120.3192,39.74,87,40,3,scattered clouds
56,Vila Franca Do Campo,PT,37.7167,-25.4333,72.01,87,100,11.95,overcast clouds
57,Cape Town,ZA,-33.9258,18.4232,62.11,87,0,4.61,clear sky
58,Ketchikan,US,55.3422,-131.6461,46.38,93,75,3.44,broken clouds
59,Tiksi,RU,71.6872,128.8694,29.7,93,100,7.38,overcast clouds
60,Pevek,RU,69.7008,170.3133,23.92,91,100,3.85,overcast clouds
61,East London,ZA,-33.0153,27.9116,58.14,72,0,14.97,clear sky
62,Salalah,OM,17.0151,54.0924,78.89,78,40,3.44,scattered clouds
63,Berlin,DE,52.5244,13.4105,45.36,80,0,3,clear sky
64,Tacarigua,VE,10.0862,-67.9198,71.71,94,47,1.5,scattered clouds
65,Hobyo,SO,5.3505,48.5268,80.04,81,76,13.89,broken clouds
66,Arraial Do Cabo,BR,-22.9661,-42.0278,66.92,90,100,19.15,light rain
67,Bathsheba,BB,13.2167,-59.5167,83.01,78,75,14.97,broken clouds
68,Iqaluit,CA,63.7506,-68.5145,28.13,93,1,4.61,clear sky
69,Severo-Kurilsk,RU,50.6789,156.125,49.59,92,100,23.67,light rain
70,Thompson,CA,55.7435,-97.8558,37.56,100,1,4.61,clear sky
71,New Norfolk,AU,-42.7826,147.0587,56.66,44,96,4,overcast clouds
72,Kendari,ID,-3.945,122.4989,88.3,58,100,4.12,overcast clouds
73,Nakhon Thai,TH,17.1006,100.8374,84.11,86,77,3.36,broken clouds
74,Yulara,AU,-25.2406,130.9889,69.64,46,40,11.5,scattered clouds
75,Kudahuvadhoo,MV,2.6708,72.8944,83.32,74,55,15.88,broken clouds
76,Hilo,US,19.7297,-155.09,73.13,91,90,3.44,light rain
77,Tuktoyaktuk,CA,69.4541,-133.0374,30.2,93,90,8.05,light snow
78,Ahuimanu,US,21.4447,-157.8378,82.11,66,20,14.97,few clouds
79,Jamestown,US,42.097,-79.2353,64.09,88,90,8.99,overcast clouds
80,Tautira,PF,-17.7333,-149.15,80.62,75,72,10.65,broken clouds
81,Bom Jesus,BR,-9.0744,-44.3586,76.41,40,99,3.56,overcast clouds
82,Nome,US,64.5011,-165.4064,33.87,75,1,10.36,clear sky
83,Antofagasta,CL,-23.65,-70.4,58.28,69,5,5.44,clear sky
84,Punta Arenas,CL,-53.15,-70.9167,44.71,57,40,26.46,scattered clouds
85,Chokurdakh,RU,70.6333,147.9167,21.76,86,100,6.69,overcast clouds
86,Havre-Saint-Pierre,CA,50.2334,-63.5986,48.79,100,90,8.05,overcast clouds
87,Nyurba,RU,63.2842,118.3319,35.33,57,71,13.78,broken clouds
88,Kavieng,PG,-2.5744,150.7967,84.81,67,10,5.86,clear sky
89,Nacala,MZ,-14.5428,40.6728,72.97,86,51,6.55,broken clouds
90,Puerto Ayacucho,VE,5.6639,-67.6236,75.72,91,97,3.27,overcast clouds
91,Marang,MY,5.2056,103.2059,89.51,66,61,3.76,broken clouds
92,Alta Floresta,BR,-9.8756,-56.0861,73.81,80,87,2.17,overcast clouds
93,Moerai,PF,-22.4333,-151.3333,74.17,74,88,14.76,overcast clouds
94,Lebu,CL,-37.6167,-73.65,48.67,89,8,13.62,clear sky
95,Sao Filipe,CV,14.8961,-24.4956,79.75,73,0,9.55,clear sky
96,Luderitz,NA,-26.6481,15.1594,69.69,34,0,5.41,clear sky
97,San Rafael Del Sur,NI,11.8485,-86.4384,76.17,88,100,4.45,overcast clouds
98,Saint George,US,37.1041,-113.5841,63.36,51,1,4,clear sky
99,Deputatskiy,RU,69.3,139.9,24.17,78,100,3.87,overcast clouds
100,Tilichiki,RU,60.4667,166.1,32.41,54,6,2.59,clear sky
101,Biltine,TD,14.5333,20.9167,82,17,16,6.22,few clouds
102,Bluff,NZ,-46.6,168.3333,47.8,81,100,12.88,overcast clouds
103,Yakeshi,CN,49.2833,120.7333,50.23,48,0,12.8,clear sky
104,Tual,ID,-5.6667,132.75,83.37,72,100,3.42,overcast clouds
105,Souillac,MU,-20.5167,57.5167,73.78,94,75,12.66,moderate rain
106,Sana,YE,15.3547,44.2067,62.64,40,95,8.21,overcast clouds
107,Payo,ID,-3.7508,103.6372,89.42,55,100,3.56,overcast clouds
108,Victoria,HK,22.2855,114.1577,89.65,73,51,8.99,broken clouds
109,Raga,SS,8.4596,25.678,70.99,88,99,3.91,overcast clouds
110,Vao,NC,-22.6667,167.4833,70.77,65,3,13.89,clear sky
111,Butaritari,KI,3.0707,172.7902,82.17,66,44,9.51,scattered clouds
112,Kavaratti,IN,10.5669,72.642,82.45,80,100,15.59,moderate rain
113,Malindi,KE,-3.2175,40.1191,80.76,74,40,6.91,scattered clouds
114,Hithadhoo,MV,-0.6,73.0833,83.16,69,94,13.58,overcast clouds
115,Constitucion,CL,-35.3333,-72.4167,52.36,84,0,7.63,clear sky
116,Broken Hill,AU,-31.95,141.4333,60.51,29,40,10.36,scattered clouds
117,Barauna,BR,-5.08,-37.6167,74.86,82,10,7.81,clear sky
118,Komsomolskiy,UZ,40.4272,71.7189,53.02,76,0,4.61,clear sky
119,Faanui,PF,-16.4833,-151.75,80.04,75,99,13.76,light rain
120,Fortuna,US,40.5982,-124.1573,53.94,66,1,3,clear sky
121,Dunedin,NZ,-45.8742,170.5036,50.81,87,100,14,moderate rain
122,Suntar,RU,62.1444,117.6319,36.55,63,97,11.59,overcast clouds
123,Goderich,CA,43.7501,-81.7165,68.32,73,98,13.8,overcast clouds
124,Bilibino,RU,68.0546,166.4372,3.56,96,33,3.06,scattered clouds
125,Bend,US,44.0582,-121.3153,40.82,72,1,3,clear sky
126,Mahebourg,MU,-20.4081,57.7,73.69,94,75,12.66,moderate rain
127,Nargana,PA,9.4428,-78.5906,79.36,85,87,5.32,overcast clouds
128,Olafsvik,IS,64.8945,-23.7142,39.97,65,34,4.59,scattered clouds
129,Vostok,RU,46.4856,135.8833,46.44,53,30,15.59,scattered clouds
130,Synya,RU,65.3718,58.0387,30,95,100,7.43,light snow
131,Oistins,BB,13.0667,-59.5333,82.49,78,75,14.97,broken clouds
132,Maxixe,MZ,-23.8597,35.3472,69.62,83,75,11.5,broken clouds
133,Cabo San Lucas,MX,22.8909,-109.9124,85.51,81,40,5.75,scattered clouds
134,Upernavik,GL,72.7868,-56.1549,33.84,94,100,16.67,light rain
135,Portales,US,34.1862,-103.3344,48.09,87,7,1.01,clear sky
136,Tura,IN,25.5198,90.2201,85.68,63,45,2.26,scattered clouds
137,Nikolskoye,RU,59.7035,30.7861,46.8,72,44,8.16,scattered clouds
138,Buala,SB,-8.145,159.5921,82.69,77,92,4.65,overcast clouds
139,Mvuma,ZW,-19.2792,30.5283,51.19,84,100,13.58,overcast clouds
140,Portland,US,45.5234,-122.6762,48.78,87,40,4,scattered clouds
141,Pitimbu,BR,-7.4706,-34.8086,75.79,77,10,8.75,clear sky
142,Sitka,US,57.0531,-135.33,48.09,81,75,0,broken clouds
143,Mount Isa,AU,-20.7333,139.5,74.97,73,75,8.05,broken clouds
144,Araouane,ML,18.9048,-3.5265,84.06,11,52,5.73,broken clouds
145,San Policarpo,PH,12.1791,125.5072,87.82,68,62,14.45,broken clouds
146,Jacksonville,US,30.3322,-81.6556,75.2,85,1,10.36,mist
147,Mehamn,NO,71.0357,27.8492,42.98,93,0,10.36,clear sky
148,Hare Bay,CA,48.8499,-54.0148,38.55,92,5,7.11,clear sky
149,Cuenca,EC,-2.8833,-78.9833,51.93,100,81,3.44,broken clouds
150,Rafaela,AR,-31.2503,-61.4867,59.99,79,96,1.99,overcast clouds
151,Puteyets,RU,65.1716,57.091,31.1,94,100,10.09,light snow
152,Kaeo,NZ,-35.1,173.7833,63.32,66,95,10.54,light rain
153,Calbuco,CL,-41.768,-73.1273,51.01,84,68,4.32,broken clouds
154,Diffa,NE,13.3154,12.6113,82.47,20,100,5.59,overcast clouds
155,Rodino,RU,52.5,80.25,45.9,69,100,4.32,overcast clouds
156,Spornoye,RU,50.8448,37.2913,39.22,61,100,6.38,overcast clouds
157,Saldanha,ZA,-33.0117,17.9442,55.45,47,71,7.18,broken clouds
158,Champerico,GT,14.3,-91.9167,82.35,81,100,6.64,overcast clouds
159,Greymouth,NZ,-42.4667,171.2,51.33,94,100,14.29,overcast clouds
160,Vigrestad,NO,58.5667,5.7,49.68,76,39,23.64,scattered clouds
161,Slave Lake,CA,55.2834,-114.769,37.38,87,90,9.22,overcast clouds
162,Vestmanna,FO,62.1564,-7.1664,43.72,100,75,9.22,broken clouds
163,Richards Bay,ZA,-28.783,32.0377,59.58,67,32,2.04,scattered clouds
164,Cookeville,US,36.1628,-85.5016,68.79,95,1,4.61,clear sky
165,Juliaca,PE,-15.5,-70.1333,50.31,61,100,4.12,overcast clouds
166,Pakxan,LA,18.3778,103.6601,74.89,97,100,3.42,overcast clouds
167,Kumba,CM,4.6363,9.4469,70.66,96,92,1.79,overcast clouds
168,Tchibanga,GA,-2.85,11.0333,70.92,93,100,1.79,overcast clouds
169,Kruisfontein,ZA,-34.0033,24.7314,55.08,59,77,7.18,broken clouds
170,Gawler,AU,-34.6,138.7333,65.25,41,3,7.96,clear sky
171,Tasiilaq,GL,65.6145,-37.6368,32.16,52,14,4.09,few clouds
172,San Cristobal,VE,7.7669,-72.225,66.38,98,100,1.21,overcast clouds
173,Grand Gaube,MU,-20.0064,57.6608,73.8,92,100,5.99,heavy intensity rain
174,Lavrentiya,RU,65.5833,-171,29.68,83,100,6.24,overcast clouds
175,Alice Springs,AU,-23.7,133.8833,62.15,67,90,6.91,overcast clouds
176,Boden,SE,65.8252,21.6886,48.2,91,100,8.43,overcast clouds
177,Karema,TZ,-6.8205,30.4389,78.15,43,100,9.55,overcast clouds
178,Qaqortoq,GL,60.7167,-46.0333,28.9,50,14,0.74,few clouds
179,Korla,CN,41.7597,86.1469,52.48,31,100,2.73,overcast clouds
180,Namibe,AO,-15.1961,12.1522,66.09,96,40,2.35,scattered clouds
181,Atuona,PF,-9.8,-139.0333,78.55,73,14,18.01,few clouds
182,Touros,BR,-5.1989,-35.4608,77.9,76,5,10.25,clear sky
183,Ngunguru,NZ,-35.6167,174.5,63.16,60,85,8.61,light rain
184,Kidal,ML,18.4411,1.4078,81.28,11,33,8.88,scattered clouds
185,Ossora,RU,59.2353,163.0719,36.7,76,33,10.51,scattered clouds
186,Laguna,US,38.421,-121.4238,69.46,48,1,1.01,clear sky
187,Port Alfred,ZA,-33.5906,26.891,56.64,75,35,13.31,scattered clouds
188,Sabang,ID,5.8933,95.3214,82.87,75,71,22.62,broken clouds
189,Formosa,AR,-26.1775,-58.1781,69.78,94,0,6.91,clear sky
190,Luanda,AO,-8.8368,13.2343,73.4,83,75,3.44,broken clouds
191,Terrace,CA,54.5163,-128.6035,45.43,93,90,9.22,light rain
192,Guerrero Negro,MX,27.9769,-114.0611,70.54,71,0,14.72,clear sky
193,Ambon,ID,-3.6954,128.1814,86.14,84,40,6.91,scattered clouds
194,Saskylakh,RU,71.9167,114.0833,24.46,96,100,9.22,light snow
195,Coro,VE,11.4045,-69.6734,78.58,87,61,7.74,broken clouds
196,Lazaro Cardenas,MX,17.9583,-102.2,78.89,87,42,4.34,scattered clouds
197,Oranjemund,NA,-28.55,16.4333,73.26,22,1,9.28,clear sky
198,Vizinga,RU,61.0749,50.1031,46.35,93,100,10.36,overcast clouds
199,Bac Ninh,VN,21.1833,106.05,73.49,89,100,16.28,moderate rain
200,Ballina,AU,-28.8667,153.5667,73.58,88,90,11.5,light rain
201,Krutinka,RU,56.0055,71.5113,33.31,62,13,5.46,few clouds
202,Zholymbet,KZ,51.7433,71.7122,35.62,68,100,13.87,overcast clouds
203,Kieta,PG,-6.2167,155.6333,84.27,70,98,5.95,light rain
204,Camana,PE,-16.6228,-72.7111,63.77,85,36,9.37,scattered clouds
205,Sioux Lookout,CA,50.1001,-91.917,55.78,94,90,2.3,mist
206,Senador Guiomard,BR,-10.1522,-67.7392,78.55,63,58,3.06,broken clouds
207,Omboue,GA,-1.5746,9.2618,76.26,86,100,2.91,overcast clouds
208,Tomatlan,MX,19.9333,-105.25,76.68,92,84,3.74,broken clouds
209,Inhambane,MZ,-23.865,35.3833,69.78,83,75,11.5,broken clouds
210,Santa Rosalia,MX,27.3167,-112.2833,75.34,40,0,5.23,clear sky
211,La Cruz,MX,23.9167,-106.9,80.89,84,27,3,scattered clouds
212,Petauke,ZM,-14.2426,31.3253,62.6,73,5,12.95,clear sky
213,Krasne,UA,49.9145,24.6134,41.29,48,97,6.51,overcast clouds
214,Zhumadian,CN,32.9794,114.0294,60.06,40,100,13.47,overcast clouds
215,Aleksandrov Gay,RU,50.147,48.5704,46.04,50,2,4.5,clear sky
216,Coquimbo,CL,-29.9533,-71.3436,53.33,66,0,3.44,clear sky
217,Clarence Town,AU,-32.5833,151.7833,58.95,91,100,6.08,moderate rain
218,Vanimo,PG,-2.6741,141.3028,84.38,77,75,4.09,broken clouds
219,Roald,NO,62.5833,6.1333,47.34,87,75,19.57,broken clouds
220,Pangnirtung,CA,66.1451,-65.7125,28.4,100,1,2.3,clear sky
221,Parabel,RU,58.6978,81.4825,32.45,57,7,6.85,clear sky
222,Glendive,US,47.1053,-104.7125,54.18,65,1,8.05,clear sky
223,Oussouye,SN,12.485,-16.5469,78.98,84,98,4.34,overcast clouds
224,Novichikha,RU,52.204,81.3877,46.9,52,100,6.06,overcast clouds
225,Vilyuysk,RU,63.7553,121.6247,33.62,69,100,13.2,overcast clouds
226,Carnarvon,AU,-24.8667,113.6333,71.67,64,0,19.57,clear sky
227,Redmond,US,47.674,-122.1215,49.96,89,92,1.99,overcast clouds
228,Salaga,GH,8.5508,-0.5188,74.57,93,100,4.92,overcast clouds
229,Poddorye,RU,57.4695,31.1156,35.89,92,14,6.08,few clouds
230,Khani,GE,41.9563,42.9566,51.37,71,7,4.79,clear sky
231,Price,US,39.5994,-110.8107,48.11,70,1,6.91,clear sky
232,Creel,MX,27.75,-107.6333,49.8,88,0,3.38,clear sky
233,Avarua,CK,-21.2078,-159.775,75.25,83,100,14.97,overcast clouds
234,Ancud,CL,-41.8697,-73.8203,49.42,86,100,3.76,overcast clouds
235,Codrington,AU,-38.2667,141.9667,54.34,56,37,11.77,scattered clouds
236,Sampit,ID,-2.5333,112.95,90.45,56,93,4.38,overcast clouds
237,Dikson,RU,73.5069,80.5464,28.96,65,100,17.67,overcast clouds
238,Liverpool,GB,53.4106,-2.9779,55.35,82,75,1.99,broken clouds
239,Kaitangata,NZ,-46.2817,169.8464,45.57,95,100,7.83,light rain
240,Chivay,PE,-15.6383,-71.6011,50.74,75,98,5.01,overcast clouds
241,Vardo,NO,70.3705,31.1107,43,91,100,11.81,overcast clouds
242,Marsa Matruh,EG,31.3525,27.2453,64.6,88,0,3.44,clear sky
243,Madang,PG,-5.2246,145.7966,85.64,65,65,9.06,broken clouds
244,Wiarton,CA,44.7407,-81.1332,68.97,73,90,19.57,overcast clouds
245,Saquena,PE,-4.6667,-73.5167,74.14,96,52,0.98,broken clouds
246,Velasco Ibarra,EC,-1.05,-79.6167,75.06,74,99,4,overcast clouds
247,Ulladulla,AU,-35.35,150.4667,61.77,54,97,10.4,overcast clouds
248,Buraydah,SA,26.326,43.975,72.05,16,0,6.4,clear sky
249,Sanchor,IN,24.7553,71.7722,86.83,56,0,6.67,clear sky
250,Quesnel,CA,52.9999,-122.5029,37.9,93,90,3.44,overcast clouds
251,San Quintin,MX,30.4833,-115.95,65.79,82,0,9.01,clear sky
252,Torbay,CA,47.6666,-52.7314,43.27,89,90,16.11,overcast clouds
253,Rabaul,PG,-4.1967,152.1721,84.04,69,32,8.81,scattered clouds
254,Dalvik,IS,65.9702,-18.5286,33.73,92,81,3.29,broken clouds
255,Saint-Augustin,CA,51.226,-58.6502,48.83,82,20,4.85,few clouds
256,Bose,IT,45.4612,8.0137,51.73,78,0,4.07,clear sky
257,Eirunepe,BR,-6.6603,-69.8736,77.85,73,38,1.36,scattered clouds
258,Hofn,IS,64.2539,-15.2082,38.89,65,0,10.33,clear sky
259,Port-De-Bouc,FR,43.4,4.9833,56.44,76,0,10.36,clear sky
260,Bamberg,DE,49.8795,10.8863,36.93,88,5,1.74,clear sky
261,La Ronge,CA,55.1001,-105.2842,35.85,93,1,2.3,clear sky
262,Hasaki,JP,35.7333,140.8333,86.29,70,1,19.15,clear sky
263,Kahului,US,20.8947,-156.47,77.85,87,75,19.57,broken clouds
264,Vryburg,ZA,-26.9566,24.7284,57.87,65,1,10.89,clear sky
265,Livingston,GB,55.9029,-3.5226,49.86,90,0,6.91,clear sky
266,Manoel Urbano,BR,-8.8389,-69.2597,77.94,72,48,1.01,scattered clouds
267,Tondano,ID,1.3038,124.9112,86.09,61,98,6.2,overcast clouds
268,Norman Wells,CA,65.282,-126.8329,26.64,93,75,4.61,broken clouds
269,Port Blair,IN,11.6667,92.75,83.03,81,100,18.23,overcast clouds
270,Serebryanyy Bor,RU,56.8,124.8,36.88,51,29,8.12,scattered clouds
271,Los Llanos De Aridane,ES,28.6585,-17.9182,67.75,68,0,9.22,clear sky
272,Srednekolymsk,RU,67.45,153.6833,24.1,76,21,3.89,few clouds
273,Lagos,NG,6.5833,3.75,79.12,95,99,2.98,overcast clouds
274,Port Lincoln,AU,-34.7333,135.8667,56.77,49,4,11.23,clear sky
275,Vaitape,PF,-16.5167,-151.75,80.02,75,98,13.78,light rain
276,Paramonga,PE,-10.6667,-77.8333,62.96,92,43,6.51,scattered clouds
277,Christchurch,NZ,-43.5333,172.6333,63.32,59,100,11.5,overcast clouds
278,Georgetown,MY,5.4112,100.3354,91.33,65,20,1.01,few clouds
279,Port Shepstone,ZA,-30.7414,30.455,59.32,76,3,14.05,clear sky
280,Tocopilla,CL,-22.092,-70.1979,61.95,72,3,2.17,clear sky
281,Muroto,JP,33.2833,134.15,71.64,77,53,8.1,light rain
282,Matara,LK,5.9485,80.5353,82.9,80,92,13.42,overcast clouds
283,Tete,MZ,-16.1564,33.5867,72.81,70,48,12.26,scattered clouds
284,Paamiut,GL,61.994,-49.6678,37.44,70,100,12.35,overcast clouds
285,Nelson Bay,AU,-32.7167,152.15,59.09,87,100,1.01,light rain
286,Necochea,AR,-38.5473,-58.7368,53.04,94,7,10.89,clear sky
287,Atar,MR,20.5169,-13.0499,81.55,21,0,5.5,clear sky
288,Caravelas,BR,-17.7125,-39.2481,72.21,94,99,4.85,overcast clouds
289,Amberieu-En-Bugey,FR,45.9589,5.3432,44.53,87,3,2.53,clear sky
290,Mbuyapey,PY,-26.2,-56.75,67.42,94,53,1.99,broken clouds
291,Tongzi,CN,28.7829,105.0877,57.13,87,100,1.5,overcast clouds
292,Hammerfest,NO,70.6634,23.6821,45.05,100,75,3.44,broken clouds
293,Roebourne,AU,-20.7833,117.1333,83.37,27,2,16.84,clear sky
294,Berlevag,NO,70.8578,29.0864,37.4,89,100,6.4,overcast clouds
295,Uhlirske Janovice,CZ,49.8802,15.0648,34.79,74,6,3.56,clear sky
296,Henties Bay,NA,-22.116,14.2845,57.85,77,0,5.68,clear sky
297,Erzin,TR,36.9559,36.2,64.99,38,56,2.24,broken clouds
298,Cayenne,GF,4.9333,-52.3333,82.09,84,0,4,clear sky
299,Sept-Iles,CA,50.2001,-66.3821,49.05,92,90,0,overcast clouds
300,Grand-Santi,GF,4.25,-54.3833,74.57,93,49,3.15,scattered clouds
301,Kodiak,US,57.79,-152.4072,44.62,91,100,12.12,overcast clouds
302,Zapolyarnyy,RU,69.4154,30.8136,40.28,96,100,4.12,overcast clouds
303,Rawson,AR,-43.3002,-65.1023,55.9,72,3,10.02,clear sky
304,Belyy Yar,RU,53.6039,91.3903,48.09,49,0,11.18,clear sky
305,Beloha,MG,-25.1667,45.05,66.09,66,100,13.85,overcast clouds
306,Tuatapere,NZ,-46.1333,167.6833,47.82,92,100,2.53,overcast clouds
307,Faya,SA,18.3851,42.4509,61.32,32,31,9.55,scattered clouds
308,Hoa Binh,VN,20.8133,105.3383,73.29,96,100,4.29,light rain
309,Ondjiva,AO,-17.0667,15.7333,68.38,12,0,6.85,clear sky
310,Blythe,US,33.6103,-114.5964,75.65,17,1,3.44,clear sky
311,Shalya,RU,57.2471,58.7298,35.11,88,85,6.2,overcast clouds
312,Antalaha,MG,-14.9003,50.2788,71.26,69,11,5.77,few clouds
313,Klaksvik,FO,62.2266,-6.589,45.52,87,97,11.7,overcast clouds
314,Kirakira,SB,-10.4544,161.9205,80.98,83,100,7.34,overcast clouds
315,Chapada Dos Guimaraes,BR,-15.4606,-55.7497,78.46,59,79,5.08,broken clouds
316,Nurota,UZ,40.5614,65.6886,48.29,34,0,1.7,clear sky
317,Kurilsk,RU,45.2333,147.8833,53.51,82,100,26.53,overcast clouds
318,Santona,ES,43.4439,-3.4576,56.35,84,81,3.06,broken clouds
319,Ibb,YE,13.9667,44.1833,66.33,50,34,2.84,scattered clouds
320,Locri,IT,38.2414,16.2623,65.16,60,0,12.86,clear sky
321,Talnakh,RU,69.4865,88.3972,23.29,96,98,7.05,light snow
322,Marbella,ES,36.5154,-4.8858,68.25,81,100,6.02,overcast clouds
323,Sosua,DO,19.7667,-70.5167,77.23,87,61,8.1,broken clouds
324,Ixtapa,MX,20.7,-105.2,79.23,93,89,3.24,overcast clouds
325,Rosarito,MX,32.3333,-117.0333,67.24,70,0,6.15,clear sky
326,Dunkirk,FR,51.05,2.3667,56.08,79,74,1.99,broken clouds
327,Ibiruba,BR,-28.6275,-53.0897,59.9,87,100,10.45,overcast clouds
328,Sorong,ID,-0.8833,131.25,87.49,65,100,8.34,overcast clouds
329,Talara,PE,-4.5772,-81.2719,65.43,88,36,13.82,scattered clouds
330,Port Hedland,AU,-20.3167,118.5667,84.25,28,5,12.66,clear sky
331,Vysokopillya,UA,47.4919,33.5306,39.58,59,0,8.75,clear sky
332,Darhan,MN,49.4867,105.9228,50.23,37,0,7.11,clear sky
333,Singanallur,IN,11,77.0167,84.76,74,40,11.5,scattered clouds
334,Ahipara,NZ,-35.1667,173.1667,59.52,71,100,10.25,moderate rain
335,Mishelevka,RU,52.8575,103.1719,49.8,48,28,1.36,scattered clouds
336,Canaries,ES,28,-15.5,65.77,67,40,1.99,scattered clouds
337,Te Anau,NZ,-45.4167,167.7167,36.45,100,100,1.36,overcast clouds
338,Pochutla,MX,15.7432,-96.4661,78.82,87,4,4.65,clear sky
339,Wagga Wagga,AU,-35.1167,147.3667,63.01,45,75,5.75,broken clouds
340,Broome,US,42.2506,-75.833,62.83,77,90,1.99,overcast clouds
341,Qasigiannguit,GL,68.8193,-51.1922,34.05,89,59,4.76,broken clouds
342,Vestmannaeyjar,IS,63.4427,-20.2734,39.99,75,3,10.6,clear sky
343,Verkhnevilyuysk,RU,63.4453,120.3167,34.56,58,100,13.47,overcast clouds
344,Ilhabela,BR,-23.7781,-45.3581,68,93,100,13.13,overcast clouds
345,Banda Aceh,ID,5.5577,95.3222,87.01,60,94,15.3,overcast clouds
346,Port Hardy,CA,50.6996,-127.4199,46.4,100,75,0,light intensity shower rain
347,Namatanai,PG,-3.6667,152.4333,83.77,73,41,5.37,light rain
348,Macae,BR,-22.3708,-41.7869,65.95,100,90,9.22,moderate rain
349,Ingham,US,42.6,-84.3833,71.22,87,1,6.91,clear sky
350,Tateyama,JP,34.9833,139.8667,83.14,73,9,16.87,clear sky
351,Mosquera,CO,4.7059,-74.2302,51.89,100,90,2.3,light rain
352,Emba,KZ,48.8264,58.1442,45.16,63,53,3.33,broken clouds
353,Yellowknife,CA,62.456,-114.3525,35.42,100,90,7,light rain
354,Cape Girardeau,US,37.3834,-89.7168,73.58,75,1,10.96,clear sky
355,Colquiri,BO,-17.4167,-67.1333,43.93,69,72,1.97,broken clouds
356,Atasu,KZ,48.6814,71.6433,43.27,69,100,9.53,light rain
357,Narsaq,GL,60.9167,-46.05,28.62,46,17,1.1,few clouds
358,Hauterive,FR,46.0901,3.4459,39.96,94,0,0.18,clear sky
359,Fukue,JP,32.6881,128.8419,80.96,78,75,10.36,broken clouds
360,Zhuhai,CN,22.2769,113.5678,89.96,66,20,19.57,few clouds
361,Tromso,NO,69.6496,18.957,45.25,87,75,2.3,broken clouds
362,Dickson,US,36.077,-87.3878,72.52,92,40,9.22,scattered clouds
363,Adrar,MR,20.5022,-10.0711,81.64,16,22,7.61,few clouds
364,Nanortalik,GL,60.1432,-45.2371,37.69,55,3,2.1,clear sky
365,Poiana Lacului,RO,44.8167,24.7333,44.53,45,95,8.43,light rain
366,Zyryanka,RU,65.75,150.85,31.35,51,7,10.74,clear sky
367,Karratha,AU,-20.7377,116.8463,83.41,28,1,18.21,clear sky
368,Basna,IN,21.2833,82.8167,80.71,62,7,1.12,clear sky
369,Praia Da Vitoria,PT,38.7333,-27.0667,72.75,94,75,13.94,broken clouds
370,Whitehorse,CA,60.7161,-135.0538,36.01,69,75,2.3,broken clouds
371,Ipubi,BR,-7.6519,-40.1489,73.96,45,60,2.62,broken clouds
372,Cherskiy,RU,68.75,161.3,12.51,91,13,5.1,few clouds
373,Lata,PT,40.1629,-8.3327,64.81,59,28,5.28,scattered clouds
374,Sabha,LY,27.0377,14.4283,71.94,13,1,9.73,clear sky
375,Baijiantan,CN,45.6333,85.1833,55.8,39,100,22.06,light rain
376,Tessalit,ML,20.1986,1.0114,81.59,12,83,8.46,broken clouds
377,Knysna,ZA,-34.0363,23.0471,57.58,46,99,6.35,overcast clouds
378,Ostersund,SE,63.1792,14.6357,41.45,100,40,5.75,scattered clouds
379,Tamiahua,MX,21.2667,-97.45,78.78,88,7,8.84,clear sky
380,Salcininkai,LT,54.3,25.3833,32.09,77,3,6.29,clear sky
381,Muli,MV,2.9167,73.5667,83.21,75,76,15.77,broken clouds
382,San Juan,AR,-31.5375,-68.5364,65.84,41,0,7.34,clear sky
383,Kitimat,CA,54.0524,-128.6534,45.91,40,100,1.01,moderate rain
384,Ranot,TH,7.7777,100.3213,88.3,59,66,17.67,broken clouds
385,Tchamba,TG,9.0333,1.4167,71.51,98,99,3.22,overcast clouds
386,Keuruu,FI,62.2667,24.7,48.94,87,100,12.46,overcast clouds
387,Lithgow,AU,-33.4833,150.15,45.86,95,100,4.94,overcast clouds
388,Shunyi,CN,40.125,116.6453,66.15,24,0,6.71,clear sky
389,Rancho Palos Verdes,US,33.7445,-118.387,71.67,64,0,1.01,clear sky
390,Malanje,AO,-9.5402,16.341,65.14,81,100,5.77,overcast clouds
391,Gisborne,NZ,-38.6533,178.0042,69.94,61,30,6.93,scattered clouds
392,Roma,US,43.2128,-75.4557,63.84,83,90,8.05,overcast clouds
393,Uchiza,PE,-8.4592,-76.4633,71.01,95,76,2.35,broken clouds
394,San Patricio,US,28.017,-97.5169,84.07,81,2,20.6,clear sky
395,Bayan,CN,46.0833,127.4,58.03,37,0,13.49,clear sky
396,Barroso,BR,-21.1869,-43.9758,59.76,98,100,5.64,light rain
397,Baruun-Urt,MN,46.6806,113.2792,49.42,27,0,17.45,clear sky
398,Naryan-Mar,RU,67.6713,53.087,30.13,94,99,9.98,overcast clouds
399,Samarai,PG,-10.6167,150.6667,79.36,78,100,6.67,overcast clouds
400,Houma,US,29.5958,-90.7195,76.98,90,24,5.77,few clouds
401,Ishinomaki,JP,38.4167,141.3,86,77,35,8.84,scattered clouds
402,Povenets,RU,62.8487,34.8262,48.16,84,99,12.68,overcast clouds
403,Umm Lajj,SA,25.0213,37.2685,83.61,64,0,4,clear sky
404,Altamira,BR,-3.2033,-52.2064,76.55,79,1,5.23,clear sky
405,San Nicolas,PH,18.1725,120.5953,80.51,100,90,25.32,heavy intensity rain
406,Makakilo City,US,21.3469,-158.0858,80.92,62,1,6.91,light intensity drizzle
407,Alofi,NU,-19.0595,-169.9187,78.69,83,90,5.75,overcast clouds
408,Adre,TD,13.4667,22.2,77.95,36,91,6.76,overcast clouds
409,Grindavik,IS,63.8424,-22.4338,39.15,87,75,1.14,broken clouds
410,Moissala,TD,8.3404,17.7663,70.88,98,100,3.96,overcast clouds
411,Pucallpa,PE,-8.3791,-74.5539,80.64,89,40,2.3,scattered clouds
412,Severobaykalsk,RU,55.65,109.3167,44.98,62,92,10.45,overcast clouds
413,Tabuny,RU,52.7773,78.7896,39.09,89,100,6.67,overcast clouds
414,Guane,CU,22.2025,-84.0875,74.75,88,0,4.41,clear sky
415,Port Macquarie,AU,-31.4333,152.9167,62.49,88,75,11.5,broken clouds
416,Toropets,RU,56.4978,31.6353,34.38,91,60,4.97,broken clouds
417,Kuusamo,FI,65.9667,29.1833,46.44,93,90,11.5,overcast clouds
418,Hovd,MN,48.0056,91.6419,43.47,23,100,1.99,overcast clouds
419,Flinders,AU,-34.5833,150.8552,62.38,67,94,7,overcast clouds
420,Rincon,US,32.296,-81.2354,75.06,96,90,3.44,overcast clouds
421,Svetlogorsk,BY,52.6333,29.7333,35.46,74,17,4.68,few clouds
422,Mount Gambier,AU,-37.8333,140.7667,57.11,54,40,11.5,scattered clouds
423,Dahra,DZ,36.2546,0.8519,60.19,59,39,6.58,scattered clouds
424,Havoysund,NO,70.9963,24.6622,45.48,91,100,5.48,overcast clouds
425,Key Largo,US,25.0865,-80.4473,80.01,68,14,5.82,few clouds
426,Ranchi,IN,23.35,85.3333,80.71,65,40,2.3,haze
427,Dingle,PH,10.9995,122.6711,85.53,76,95,15.68,overcast clouds
428,Srikakulam,IN,18.3,83.9,85.75,65,29,5.61,scattered clouds
429,Prince George,CA,53.9166,-122.753,36.63,93,90,0,overcast clouds
430,Marawi,PH,7.9986,124.2928,79.65,77,87,10.16,overcast clouds
431,Nazas,MX,25.2333,-104.1333,75.45,38,2,3.06,clear sky
432,Touzim,CZ,50.0605,12.9851,38.21,93,0,3.44,clear sky
433,Phonhong,LA,18.5007,102.4166,80.42,97,100,1.07,light rain
434,Tongchuan,CN,35.0806,109.0897,44.58,80,100,4.81,light rain
435,Olga,RU,43.7444,135.2892,60.51,35,2,14.36,clear sky
436,Lipari,IT,38.4674,14.954,66.33,54,26,30.91,scattered clouds
437,Balaipungut,ID,1.05,101.2833,86.41,56,80,3.87,broken clouds
438,Sur,OM,22.5667,59.5289,85.3,50,2,4.54,clear sky
439,North Bend,US,43.4065,-124.2243,49.95,96,40,4.61,scattered clouds
440,Pampa,US,35.5362,-100.9599,52.75,100,75,8.05,broken clouds
441,Tombouctou,ML,20,-3,82.49,12,4,7.58,clear sky
442,Veraval,IN,20.9,70.3667,84.47,70,53,2.33,broken clouds
443,Bac Lieu,VN,9.285,105.7244,84.29,77,100,16.73,light rain
444,Baljevac,BA,44.8206,15.7799,41.59,99,100,8.32,light rain
445,Camargo,MX,27.6667,-105.1667,72.84,25,1,9.22,clear sky
446,Brigantine,US,39.4101,-74.3646,68.02,85,90,13.8,overcast clouds
447,Aras,ES,42.5617,-2.356,43.32,93,98,4.61,overcast clouds
448,Ca Mau,VN,9.1769,105.15,83.41,81,100,11.32,moderate rain
449,Boxmeer,NL,51.6467,5.9472,53.76,95,75,3.44,broken clouds
450,Fairbanks,US,64.8378,-147.7164,35.6,96,90,0,mist
451,Nha Trang,VN,12.25,109.1833,86,65,92,5.23,overcast clouds
452,Guadalupe Y Calvo,MX,26.1,-106.9667,50.61,90,0,3.89,clear sky
453,Okhotsk,RU,59.3833,143.3,32.7,70,47,9.42,scattered clouds
454,Saint-Pierre,RE,-21.3393,55.4781,77.29,67,0,2.3,clear sky
455,Enshi,CN,30.3,109.4833,63.66,80,99,1.86,overcast clouds
456,Srandakan,ID,-7.9386,110.2506,82.27,65,91,11.9,overcast clouds
457,Pacific Grove,US,36.6177,-121.9166,60.48,86,75,3,broken clouds
458,Saint-Leu,RE,-21.15,55.2833,76.68,72,1,2.51,clear sky
459,Beeville,US,28.4008,-97.7483,80.78,100,75,16.11,broken clouds
460,Kozhevnikovo,RU,56.2589,83.9714,31.24,53,100,9.51,overcast clouds
461,Westport,US,41.1415,-73.3579,64.36,91,90,1.01,overcast clouds
462,Tadine,NC,-21.55,167.8833,74.53,59,4,11.05,clear sky
463,Birao,CF,10.2849,22.7882,72.36,87,100,4.61,overcast clouds
464,Yebaishou,CN,41.3975,119.6408,58.08,28,0,7.56,clear sky
465,Ayagoz,KZ,47.9714,80.4392,40.82,82,100,22.88,overcast clouds
466,Lima,PE,-12.0432,-77.0282,61.9,83,90,6.91,overcast clouds
467,Ascension,US,30.2169,-90.9001,76.98,90,1,5.75,clear sky
468,Kawalu,ID,-7.3817,108.2082,82.15,67,84,6.08,broken clouds
469,Ziniare,BF,12.5822,-1.2983,78.84,64,100,6.6,overcast clouds
470,Kissamos,GR,35.4939,23.6569,70.92,65,50,7.74,scattered clouds
471,Saint Anthony,US,45.0205,-93.218,57.25,77,75,5.01,broken clouds
472,Belle Fourche,US,44.6714,-103.8522,55.09,59,0,6.62,clear sky
473,Amga,RU,60.8953,131.9608,37.98,69,100,8.93,overcast clouds
474,Trincomalee,LK,8.5711,81.2335,83.08,72,100,16.62,overcast clouds
475,Tall Kayf,TR,37.0833,41.0667,70.14,36,0,9.22,clear sky
476,Massakory,TD,12.996,15.7293,82.49,49,100,7.27,overcast clouds
477,Kabin Buri,TH,13.9511,101.7177,84.85,77,100,5.44,overcast clouds
478,Varlamovo,RU,53.1897,48.4226,42.66,67,61,2.73,broken clouds
479,Longyearbyen,SJ,78.2186,15.6401,30.04,74,75,11.5,light snow
480,Beringovskiy,RU,63.05,179.3167,26.02,84,54,10.22,broken clouds
481,Xunchang,CN,28.4543,104.715,57.87,84,100,0.72,overcast clouds
482,Lasa,IT,46.6166,10.7002,45.86,56,4,7.43,clear sky
483,Bo Phloi,TH,14.3236,99.5161,89.31,67,97,7.63,heavy intensity rain
484,Usinsk,RU,65.9939,57.5281,29.8,96,100,11.52,light snow
485,Ridgecrest,US,35.6225,-117.6709,68.65,18,1,5.01,clear sky
486,Jumla,NP,29.2747,82.1838,66.85,39,0,3.44,clear sky
487,Sola,VU,-13.8833,167.55,80.67,75,15,13.47,few clouds
488,Agadir,MA,30.4202,-9.5982,61.25,85,100,5.03,overcast clouds
489,Khuldabad,IN,20.05,75.1833,79.72,56,14,2.26,few clouds
490,Prince Rupert,CA,54.3161,-130.3201,48.29,85,90,4.61,light rain
491,Mayor Pablo Lagerenza,PY,-19.9309,-60.7718,69.69,79,81,6.42,broken clouds
492,Marsh Harbour,BS,26.5412,-77.0636,81.72,63,22,4.43,few clouds
493,Napier,NZ,-39.4833,176.9167,69.24,68,73,5.99,broken clouds
494,Khasan,RU,42.4308,130.6434,61.32,39,0,16.69,clear sky
495,Katsuura,JP,35.1333,140.3,82.51,70,7,16.08,clear sky
496,Vila,PT,42.0304,-8.1588,53.33,73,93,5.57,overcast clouds
497,Kilinochchi,LK,9.3961,80.3982,83.91,72,99,11.27,overcast clouds
498,Udachnyy,RU,66.4167,112.4,21.31,90,100,22.93,light snow
499,Totness,SR,5.8833,-56.3167,79.41,88,100,10.38,overcast clouds
500,Aswan,EG,24.0934,32.907,83.5,28,0,8.05,clear sky
501,Kuytun,RU,54.3419,101.5036,45.43,51,100,2.91,overcast clouds
502,Japura,ID,-0.3167,102.35,82.06,77,97,3.96,overcast clouds
503,Holme,DK,56.1138,10.1725,48.06,92,13,13,few clouds
504,Rio Grande,BR,-32.035,-52.0986,62.94,80,77,18.72,broken clouds
505,Logrono,ES,42.4667,-2.45,52.39,97,99,4.61,overcast clouds
506,Lososina,RU,48.9975,140.3106,52.57,57,12,21.12,few clouds
507,Shache,CN,38.4167,77.2406,54.63,30,100,4.85,overcast clouds
508,Sayyan,YE,15.1718,44.3244,60.48,39,84,10.38,broken clouds
509,Fomboni,KM,-12.28,43.7425,76.77,79,67,6.71,broken clouds
510,Waycross,US,31.2136,-82.354,70.27,97,1,0,clear sky
511,Mananara,MG,-16.1667,49.7667,70.57,78,17,4.85,few clouds
512,Xifeng,CN,42.7372,124.7222,55.72,40,0,4.47,clear sky
513,San Ignacio,BZ,17.1561,-89.0714,74.88,91,12,1.9,few clouds
514,Miedzyrzecz,PL,52.4446,15.578,42.06,67,63,5.55,broken clouds
515,Sobolevo,RU,54.4299,31.8996,35.49,77,88,4.74,overcast clouds
516,Chapais,CA,49.7834,-74.8492,55.18,96,100,6.44,overcast clouds
517,Rio Cuarto,AR,-33.1307,-64.3499,48.83,90,30,4.07,scattered clouds
518,Mahon,ES,39.8885,4.2658,57.76,77,0,5.75,clear sky
519,Valleyview,CA,55.0667,-117.2859,32.04,86,72,2.3,light snow
520,Morrope,PE,-6.5417,-80.0111,66.06,84,98,12.41,overcast clouds
521,Sechura,PE,-5.5569,-80.8222,65.59,85,11,9.98,few clouds
522,Camapua,BR,-19.5314,-54.0439,68.18,94,100,4.5,overcast clouds
523,Aleksandrovka,UA,46.8383,32.7612,35.82,64,0,8.95,clear sky
524,Paratinga,BR,-12.6906,-43.1842,82.71,34,93,4.7,overcast clouds
525,Soyo,AO,-6.1349,12.3689,75.36,81,98,6.71,overcast clouds
526,Dukat,RU,62.55,155.55,20.21,80,1,3.91,clear sky
527,Aklavik,CA,68.2191,-135.0107,29.23,90,99,2.73,overcast clouds
528,Cabedelo,BR,-6.9811,-34.8339,75.87,78,10,9.06,clear sky
529,Jibuti,DJ,11.5,42.5,81.82,57,51,5.37,broken clouds
530,Nova Olinda Do Norte,BR,-3.8881,-59.0942,77.58,74,51,1.52,broken clouds
531,Hambantota,LK,6.1241,81.1185,77.34,100,90,10.36,overcast clouds
532,Tingo Maria,PE,-9.2895,-76.0088,69.15,96,40,2.01,scattered clouds
533,Skjervoy,NO,70.0311,20.9714,44.6,85,100,8.43,overcast clouds
534,Leningradskiy,RU,69.3833,178.4167,22.98,96,100,2.66,light snow
535,Wote,KE,-1.7808,37.6288,64.27,83,97,3.04,overcast clouds
536,Muros,ES,42.7762,-9.0603,64.24,83,59,8.61,broken clouds
537,Kununurra,AU,-15.7667,128.7333,98.58,30,59,6.91,broken clouds
538,Bonthe,SL,7.5264,-12.505,77.43,86,100,4.83,light rain
539,Byron Bay,AU,-28.65,153.6167,75.87,62,80,10.16,broken clouds
540,Cukai,MY,4.25,103.4167,89.74,60,95,6.49,overcast clouds
541,Iskateley,RU,67.6803,53.1512,30.04,94,99,10.07,overcast clouds
542,Outlook,CA,51.5001,-107.0513,53.29,39,45,10.22,light rain
543,Barabai,ID,-2.5833,115.3833,85.59,70,89,0.98,overcast clouds
544,Laurel,US,39.0993,-76.8483,66.63,95,90,1.99,overcast clouds
545,Nexo,DK,55.0607,15.1306,51.89,68,100,18.77,light rain
546,Juntas,CR,10.2809,-84.9595,74.66,89,97,3.47,overcast clouds
547,Yar-Sale,RU,66.8333,70.8333,27.84,78,75,5.01,broken clouds
548,Chaohu,CN,31.6,117.8667,64.51,84,100,9.98,overcast clouds
549,Burayevo,RU,55.8407,55.4083,44.02,90,100,6.2,overcast clouds
550,Kiruna,SE,67.8557,20.2251,40.12,100,75,9.22,moderate rain
551,Neuquen,AR,-38.9516,-68.0591,64.29,34,0,8.05,clear sky
552,Cuamba,MZ,-14.8031,36.5372,70.68,74,34,5.86,scattered clouds
553,Puerto Rondon,CO,6.2805,-71.1,73.98,96,91,4.09,overcast clouds
554,Elat,IL,29.5581,34.9482,75.04,60,0,5.75,clear sky
555,Lichinga,MZ,-13.3128,35.2406,60.89,88,56,13.8,smoke
556,Luganville,VU,-15.5333,167.1667,82.06,75,98,8.77,overcast clouds
557,Benghazi,LY,32.1167,20.0667,76.98,49,68,9.22,broken clouds
558,San Carlos De Bariloche,AR,-41.1456,-71.3082,42.55,65,0,3.44,clear sky
559,Potosi,BO,-19.5836,-65.7531,50.79,21,0,4.88,clear sky
560,Okhtyrka,UA,50.3104,34.8988,42.39,62,98,6.78,overcast clouds
561,Tonantins,BR,-2.8731,-67.8022,74.26,91,5,1.88,clear sky
562,Smithers,CA,54.7804,-127.1743,39.52,81,20,3.44,few clouds
563,Asau,RO,46.4333,26.4,37.76,54,55,1.52,broken clouds
564,Suluova,TR,40.8313,35.6479,51.66,87,75,0,broken clouds
565,Odweyne,SO,9.4092,45.064,75.27,61,97,3.98,overcast clouds
566,Avera,US,33.194,-82.5271,69.31,80,1,5.86,clear sky
567,Diego De Almagro,CL,-26.3667,-70.05,61.02,15,2,1.77,clear sky
568,Vilhena,BR,-12.7406,-60.1458,74.32,61,81,3.58,broken clouds
569,Berzence,HU,46.2091,17.1481,48.06,86,100,8.23,overcast clouds
570,Homer,US,59.6425,-151.5483,44.8,75,90,0,overcast clouds
571,Pemba,MZ,-12.974,40.5178,74.1,94,40,10.36,scattered clouds
572,Tabou,CI,4.423,-7.3528,76.86,89,100,6.53,light rain
573,Inverell,AU,-29.7833,151.1167,69.67,81,100,3,light rain
574,Scottsbluff,US,41.8666,-103.6672,53.29,53,1,1.01,clear sky
575,Pio Xii,BR,-3.8325,-45.1525,75.63,89,6,5.68,clear sky
576,Maniitsoq,GL,65.4167,-52.9,34.48,83,98,6.98,overcast clouds
577,Bontang,ID,0.1333,117.5,84.74,72,100,7.34,overcast clouds
578,Hay River,CA,60.8156,-115.7999,39.18,75,20,17.27,few clouds
579,Grand Haven,US,43.0631,-86.2284,74.43,76,1,1.99,clear sky
580,Bagotville,AU,-28.9833,153.4167,73.42,66,92,9.26,light rain
581,Seredka,RU,58.1584,28.1858,31.75,84,51,8.14,broken clouds
582,Oda,JP,35.1833,132.5,77.77,80,89,5.53,overcast clouds
583,Galveston,US,29.3669,-94.9669,82.22,78,24,5.99,few clouds
584,Ocampo,MX,21.65,-101.5,64.54,67,97,7.4,overcast clouds
585,Geraldton,AU,-28.7667,114.6,70.21,56,40,13.8,scattered clouds
586,Kyshtovka,RU,56.555,76.6271,32.22,51,89,8.03,overcast clouds
587,Piacabucu,BR,-10.4056,-36.4344,74.62,84,71,7.85,broken clouds
588,Waw,SS,7.7029,27.9953,72.16,85,91,4.63,overcast clouds
589,Curitibanos,BR,-27.2828,-50.5844,53.82,95,100,7.74,overcast clouds
590,Hargeysa,SO,9.56,44.065,72.14,66,95,8.63,overcast clouds
591,Akyab,MM,20.15,92.9,86.34,74,76,1.77,broken clouds
592,Gotsu,JP,35,132.2167,77.14,77,87,6.69,overcast clouds
593,Lyuban,BY,52.7985,28.0048,34.27,73,20,5.32,few clouds
594,Santiago De Cao,PE,-7.9589,-79.2392,59.13,94,90,9.22,mist
595,Anloga,GH,5.7947,0.8973,77.22,83,100,7.7,overcast clouds
596,Medea,DZ,36.2642,2.7539,50.45,62,7,5.7,clear sky
597,Aberystwyth,GB,52.4155,-4.0829,46.67,87,80,6.53,broken clouds
598,Warrnambool,AU,-38.3833,142.4833,58.8,53,15,11.5,few clouds
599,Agropoli,IT,40.3469,14.9966,53.1,81,80,5.3,broken clouds
600,Whitecourt,CA,54.1502,-115.6855,34.84,60,20,6.91,few clouds
601,Mbaiki,CF,3.8678,17.9892,68.25,98,99,1.88,light rain
602,Russell,US,32.3502,-85.1999,70.83,93,1,0,mist
603,Caucaia,BR,-3.7361,-38.6531,83.07,75,40,8.05,scattered clouds
604,Halifax,CA,44.6453,-63.5724,51.85,91,100,1.14,overcast clouds
605,Horn Lake,US,34.9554,-90.0348,77.02,77,1,15.01,clear sky
606,Ola,RU,59.5833,151.2833,38.43,42,3,17.36,clear sky
607,Sarahan,IN,31.5167,77.8,63.14,29,0,4.27,clear sky
608,Dongsheng,CN,39.8161,109.9776,48.45,21,0,11.1,clear sky
609,Macas,EC,-2.3167,-78.1167,67.66,95,82,2.77,broken clouds
610,Bambanglipuro,ID,-7.95,110.2833,82.42,64,91,12.17,overcast clouds
611,Bubaque,GW,11.2833,-15.8333,81.66,79,56,6.15,broken clouds
612,Tranas,SE,58.0372,14.9782,47.17,93,98,9.46,overcast clouds
613,Ellsworth,US,44.5434,-68.4195,55.63,96,90,0,overcast clouds
614,Balabac,PH,7.9868,117.0645,84.69,76,99,19.26,heavy intensity rain
615,Lira,UG,2.235,32.9097,66.42,91,98,2.46,overcast clouds
616,Newton,US,42.337,-71.2092,61.99,90,90,1.99,overcast clouds
617,Ecija,ES,37.5422,-5.0826,67.86,74,74,5.23,broken clouds
618,Khandbari,NP,27.3747,87.2039,79.34,64,0,2.48,clear sky
619,Hervey Bay,AU,-25.2986,152.8535,81.03,67,86,16.71,overcast clouds
620,Santa Maria,BR,-29.6842,-53.8069,61.16,95,100,6.85,moderate rain
621,Turukhansk,RU,65.8167,87.9833,27.01,79,100,15.03,overcast clouds
622,Port-Gentil,GA,-0.7193,8.7815,78.1,83,100,7.29,overcast clouds
623,Touba,CI,8.2833,-7.6833,69.21,97,89,2.39,overcast clouds
624,Wembley,AU,-31.9333,115.8,69.04,70,75,20.71,light rain
625,Kabinda,CD,-6.1333,24.4833,69.12,78,100,2.19,overcast clouds
626,Wencheng,CN,33.0559,113.7978,58.86,46,100,12.3,overcast clouds
627,Petropavlovsk-Kamchatskiy,RU,53.0452,158.6483,39.79,87,90,17.9,light intensity shower rain
628,Aykhal,RU,66,111.5,18.27,91,100,20.94,light snow
629,Serenje,ZM,-13.2325,30.2352,61.74,61,6,12.41,clear sky
630,Palimbang,PH,6.2106,124.1894,85.6,67,39,5.57,moderate rain
631,Pakxe,LA,15.1167,105.7833,87.94,70,40,4.61,scattered clouds
632,Kazerun,IR,29.6195,51.6541,77.99,19,0,5.5,clear sky
633,Chicama,PE,-7.8447,-79.1469,57.74,88,61,5.68,broken clouds
634,Denham Springs,US,30.4869,-90.9562,75.85,93,1,0,clear sky
635,Bowen,AU,-20.0167,148.2333,82.62,58,2,11.65,clear sky
636,Panzhihua,CN,26.5851,101.7128,75.7,63,74,0.83,broken clouds
637,Tarauaca,BR,-8.1614,-70.7656,76.5,75,43,0.78,scattered clouds
638,Noyabrsk,RU,63.1994,75.4507,28.53,70,24,10.47,few clouds
639,Mocuba,MZ,-16.8392,36.9856,72.48,82,38,5.73,light rain
640,Fazilka,IN,30.4,74.0333,91.63,22,0,9.98,clear sky
641,Pervomayskiy,RU,53.2485,40.2871,39.07,70,1,1.03,clear sky
642,Bridlington,GB,54.0831,-0.1919,48.88,83,81,11.88,broken clouds
643,Launceston,AU,-41.45,147.1667,62.15,41,40,3,scattered clouds
644,Barberton,ZA,-25.7884,31.0532,51.93,84,14,1.74,few clouds
645,Bud,US,39.447,-86.1758,73.38,82,29,11.07,scattered clouds
646,Opuwo,NA,-18.0607,13.84,70.63,15,0,4.85,clear sky
647,Kismayo,SO,-0.3582,42.5454,78.53,82,37,13.31,scattered clouds
648,Teya,RU,60.3778,92.6267,28.11,62,14,8.05,few clouds
649,Ilo,PE,-17.6394,-71.3375,61.99,86,41,7.74,scattered clouds
650,Colac,AU,-38.3333,143.5833,58.15,42,63,6.71,broken clouds
651,Strezhevoy,RU,60.7333,77.5889,30.18,60,14,7.83,few clouds
652,Kologriv,RU,58.8275,44.3178,43.86,79,74,7.52,broken clouds
653,Ryotsu,JP,38.0833,138.4333,66.16,90,98,14.72,overcast clouds
654,Old Town,CZ,50.087,14.4202,43.43,86,0,4.61,clear sky
655,Abbeville,FR,50.1,1.8333,50.49,92,48,5.08,scattered clouds
656,Oktyabrskoye,RU,43.0645,44.7417,46.54,93,34,4.47,scattered clouds
657,Half Moon Bay,US,37.4636,-122.4286,63.72,79,40,1.01,mist
658,Takhtamygda,RU,54.1,123.5667,47.07,32,0,9.31,clear sky
659,Gallup,US,35.5281,-108.7426,47.01,51,1,1.99,clear sky
660,Sokoni,TZ,-6.4333,39.55,76.69,82,90,9.28,light rain
661,Alamos,MX,27.0167,-108.9333,75.72,46,0,1.41,clear sky
662,Nemuro,JP,43.3236,145.575,57.63,86,100,8.05,overcast clouds
663,Acarau,BR,-2.8856,-40.12,78.39,77,5,12.21,clear sky
664,Cordoba,AR,-31.4135,-64.1811,57.76,90,0,2.3,clear sky
665,Bosaso,SO,11.2842,49.1816,84.18,74,20,10.36,few clouds
666,Sattahip,TH,12.6664,100.9007,88.29,74,40,11.5,heavy intensity rain
667,Redcar,GB,54.6166,-1.06,48.45,84,74,4,broken clouds
668,Kathu,TH,7.9178,98.3332,87.62,76,71,18.41,broken clouds
669,Concepcion,CL,-36.827,-73.0498,48,100,0,8.05,clear sky
670,Sebrovo,RU,50.0981,43.2976,42.3,59,56,4.65,broken clouds
671,Bandarbeyla,SO,9.4942,50.8122,80.82,78,41,21.63,scattered clouds
672,Kasama,ZM,-10.2129,31.1808,63.79,56,51,4.32,broken clouds
673,Haines Junction,CA,60.7522,-137.5108,26.55,86,13,1.14,few clouds
674,Nishihara,JP,26.1842,127.7558,84.25,84,90,25.32,heavy intensity rain
675,Mariestad,SE,58.7097,13.8237,48.69,96,60,14.41,broken clouds
676,Jinchang,CN,38.4953,102.1739,51.13,46,0,5.1,clear sky
677,Natchitoches,US,31.7668,-93.1335,76.05,83,1,14.97,clear sky
678,Emerald,AU,-23.5333,148.1667,87.94,35,90,10.36,overcast clouds
679,Naze,JP,28.3667,129.4833,83.32,86,88,16.24,overcast clouds
680,Darnah,LY,32.767,22.6367,74.32,51,0,16.4,clear sky
681,Ratnagiri,IN,16.9833,73.3,82.76,77,66,4.16,broken clouds
682,Verrettes,HT,19.05,-72.4667,78.39,90,74,4.21,broken clouds
683,Mastic Beach,US,40.7668,-72.8521,64.98,89,90,1.01,overcast clouds
684,Sandomierz,PL,50.6827,21.749,36.66,73,100,4.65,overcast clouds
685,Puerto Quijarro,BO,-17.7833,-57.7667,75.63,92,85,3.85,overcast clouds
686,Fevik,NO,58.3794,8.6766,46.17,66,67,17.58,broken clouds
687,Chernyshevskiy,RU,63.0128,112.4714,27.81,56,22,14.14,few clouds
688,Grafton,US,42.207,-71.6856,60.35,91,90,6.91,fog
689,Eureka,US,40.8021,-124.1637,54.21,79,0,8.01,clear sky
690,Yerbogachen,RU,61.2767,108.0108,31.28,60,85,14,overcast clouds
691,Comodoro Rivadavia,AR,-45.8667,-67.5,62.46,36,0,28.77,clear sky
692,Turtas,RU,58.9417,69.1325,31.06,58,4,4.34,clear sky
693,Tucupita,VE,9.0622,-62.051,75.09,98,96,3.44,overcast clouds
694,Seoul,KR,37.5683,126.9778,66.61,61,0,6.91,clear sky
695,Kelo,TD,9.3086,15.8066,70.36,80,100,4.59,overcast clouds
696,Ouahigouya,BF,13.5828,-2.4216,82.27,56,98,8.59,overcast clouds
697,Petrinja,HR,45.4375,16.29,49.12,96,100,9.51,moderate rain
698,Aklera,IN,24.4167,76.5667,84.27,56,4,4,clear sky
699,Vung Tau,VN,10.346,107.0843,81.41,84,100,12.28,overcast clouds
700,Andenes,NO,69.3143,16.1194,44.08,87,75,4.61,broken clouds
701,Mangai,CD,-4.05,19.5333,67.82,98,100,1.88,overcast clouds
702,Maryborough,AU,-25.5333,152.7,82.54,42,86,11.59,overcast clouds
703,Moratuwa,LK,6.773,79.8816,82.35,78,88,11.59,overcast clouds
704,Polson,US,47.6936,-114.1632,42.42,70,63,4.16,broken clouds
705,Siena,IT,43.2167,11.4,54.45,69,94,4.7,overcast clouds
706,Petatlan,MX,17.5167,-101.2667,76.05,92,12,4.27,few clouds
